{"folderId":null,"viewCount":0,"version":4,"headline":"Prepare UTech's student developers to create secure web applications","format":"onepage","createdAt":"2023-11-26T19:32:24.969Z","overview":{"content":"This course aims to equip UTech's student developers with the necessary knowledge and skills to create secure web applications. The course will cover topics such as secure coding practices, vulnerability assessment, and best practices for authentication and authorization. By the end of the course, participants will be able to develop web applications that are resilient against common security threats.","title":"Overview"},"colorScheme":"yellow","settings":{"showBrandInFooter":true,"navigationMode":"restricted","showBackdrop":true},"sections":{"practice":{"order":4,"short":"Practice","headline":"Let's put your knowledge into practice","name":"Practical Exercises","blocks":{"htm_c4YiwyN5UD":{"type":"html","order":1,"html":"<p>In the this lesson, we'll put theory into practice through hands-on activities. Click on the items below to check each exercise and develop practical skills that will help you succeed in the subject.</p>"},"lis_MIxkh4z66j":{"order":2,"type":"list","items":{"sTlQkimNp9":{"title":"Creating a Secure Login Page","order":1,"content":"In this exercise, you will create a secure login page for a web application. You will implement measures such as password hashing, input validation, and session management to ensure the security of user authentication."},"UWFcb4II47":{"order":3,"content":"In this exercise, you will learn how to implement secure communication with HTTPS. You will generate a TLS certificate, configure your web server to use HTTPS, and modify your web application to enforce HTTPS connections, ensuring the confidentiality and integrity of transmitted data.","title":"Implementing Secure Communication with HTTPS"},"ZoZ3MdtiEj":{"order":2,"content":"In this exercise, you will learn how to prevent cross-site scripting (XSS) attacks. You will identify vulnerable code and modify it to sanitize user input, encode output, and implement content security policy to prevent unauthorized script execution.","title":"Preventing Cross-Site Scripting (XSS) Attacks"}},"view":"accordion"}},"slug":"practice"},"wrapup":{"order":5,"short":"Wrap-up","headline":"Let's review what we have just seen so far","name":"Wrap-up","slug":"wrapup","blocks":{"lis_O5WWeYpSpl":{"items":{"ite_voiZGPtflG":{"title":"Best Practices for Secure Web Development","content":"Finally, the Best Practices for Secure Web Development course equips developers with the knowledge and tools necessary to implement secure coding practices throughout the development process. It covers topics such as input validation, secure session management, and secure data storage. By following these best practices, developers can minimize the risk of security breaches and ensure the confidentiality, integrity, and availability of their web applications.","order":3},"ite_aZfYSsHrai":{"title":"Introduction to Secure Web Development","order":1,"content":"In conclusion, the Introduction to Secure Web Development course provides a comprehensive introduction to the fundamentals of building secure web applications. It covers the importance of secure coding practices, the impact of security breaches, and the basics of authentication and authorization. By understanding these concepts, developers will be able to prioritize security in their projects and protect their users' sensitive information."},"ite_hxvfrfvkKE":{"title":"Common Web Security Vulnerabilities","order":2,"content":"To sum up, the Common Web Security Vulnerabilities course is designed to help developers identify and mitigate common security weaknesses in web applications. It explores vulnerabilities such as cross-site scripting (XSS), SQL injection, and cross-site request forgery (CSRF). Through practical examples and hands-on exercises, participants will gain a deeper understanding of the potential risks and how to properly secure their web applications."}},"order":1,"view":"checklist","type":"list"}}},"topic3_PzF8L72tD3":{"blocks":{"htm-jzN1mNQa5F":{"html":"<h2>Introduction</h2>\n<p>In the realm of web development, security plays a crucial role in safeguarding user data, preventing unauthorized access, and maintaining the overall integrity of a website or web application. Despite the advancements in security measures, web applications are still susceptible to a wide range of vulnerabilities that can compromise their security. This module explores some of the most common web security vulnerabilities that developers should be aware of to build more secure web applications.</p>\n<h2>Cross-Site Scripting (XSS)</h2>\n<p>Cross-Site Scripting (XSS) is a vulnerability that allows attackers to inject malicious scripts into websites that are viewed by other users. This vulnerability can occur when user input is not properly validated or sanitized. There are three main types of XSS attacks: Stored XSS, Reflected XSS, and DOM-based XSS. In all cases, XSS attacks can lead to the theft of sensitive information, session hijacking, or unauthorized actions on behalf of the user.</p>\n<h2>Cross-Site Request Forgery (CSRF)</h2>\n<p>Cross-Site Request Forgery (CSRF) is a type of attack that tricks authenticated users into unknowingly performing malicious actions on a website. This vulnerability occurs when a malicious website or email, for example, forces a victim to perform an unintended action on another website where the user is authenticated. CSRF attacks can result in unauthorized actions with severe consequences, such as changing passwords, making financial transactions, or deleting important data.</p>\n<h2>SQL Injection</h2>\n<p>SQL Injection is a technique used by attackers to exploit vulnerabilities in web applications that interact with a database. This vulnerability occurs when user-supplied input is not properly validated or sanitized, allowing an attacker to manipulate SQL queries. By injecting malicious SQL code, attackers can gain unauthorized access to the database, expose sensitive data, modify or delete data, or even execute arbitrary commands on the underlying server.</p>\n<h2>Cross-Site Script Inclusion (XSSI)</h2>\n<p>Cross-Site Script Inclusion (XSSI), also known as JavaScript Hijacking, is a vulnerability that allows attackers to read data from external websites by exploiting the same-origin policy. This vulnerability occurs when a web application includes a JavaScript file from a different domain without proper validation or security measures. Attackers can leverage XSSI to gain access to sensitive information, perform identity theft, or execute arbitrary code within the victim&#39;s browser.</p>\n<h2>Security Misconfigurations</h2>\n<p>Security misconfigurations refer to insecure configurations in the web application or server infrastructure that can pose serious security risks. These vulnerabilities often occur when default configurations are not changed, unnecessary services remain enabled, or outdated and insecure software versions are used. Attackers can exploit security misconfigurations to gain unauthorized access, escalate privileges, or perform other malicious activities.</p>\n<h2>Insecure Direct Object References (IDOR)</h2>\n<p>Insecure Direct Object References (IDOR) occur when an application exposes internal object references, such as file paths, database keys, or user records, without proper authorization checks. Attackers can manipulate these references to access unauthorized resources, escalate privileges, or gain unintended access to sensitive information.</p>","order":1,"type":"html"},"hig_dxCpVxY1eY":{"title":"Conclusion - Common Web Security Vulnerabilities","type":"highlight","order":2,"content":"To sum up, the Common Web Security Vulnerabilities course is designed to help developers identify and mitigate common security weaknesses in web applications. It explores vulnerabilities such as cross-site scripting (XSS), SQL injection, and cross-site request forgery (CSRF). Through practical examples and hands-on exercises, participants will gain a deeper understanding of the potential risks and how to properly secure their web applications."}},"name":"Common Web Security Vulnerabilities","short":"Best","slug":"best","order":3},"topic2_mlONiwZ530":{"name":"Best Practices for Secure Web Development","order":2,"short":"Common","blocks":{"hig_FXqnHn0TkS":{"title":"Conclusion - Best Practices for Secure Web Development","type":"highlight","order":2,"content":"Finally, the Best Practices for Secure Web Development course equips developers with the knowledge and tools necessary to implement secure coding practices throughout the development process. It covers topics such as input validation, secure session management, and secure data storage. By following these best practices, developers can minimize the risk of security breaches and ensure the confidentiality, integrity, and availability of their web applications."},"htm-qEy0BsbLEf":{"order":1,"type":"html","html":"<hr>\n<p>In order to create secure web applications, it is essential to follow best practices for web development. These practices help to mitigate common vulnerabilities and ensure that the application is resilient against attacks. This topic will provide an in-depth exploration of best practices for secure web development, including:</p>\n<h2>1. Input Validation</h2>\n<p>A crucial requirement for secure web development is proper input validation. All user-supplied data, such as form input, query parameters, or cookies, should be validated and sanitized before being processed by the application. This practice prevents injection attacks, cross-site scripting (XSS), and other types of security breaches.</p>\n<h2>2. Use of Prepared Statements</h2>\n<p>To prevent SQL injection attacks, it is vital to use prepared statements or parameterized queries instead of constructing SQL queries by concatenating user-supplied data. Prepared statements separate the query logic from the data, making it impossible for attackers to inject malicious SQL code.</p>\n<h2>3. Password Security</h2>\n<p>Implementing strong password security measures is paramount for protecting user accounts. Best practices include:</p>\n<ul>\n<li>Requiring passwords to be of a certain length and complexity.</li>\n<li>Salting and hashing passwords before storage.</li>\n<li>Enforcing password expiration and account lockouts after failed login attempts.</li>\n</ul>\n<h2>4. Secure Authentication and Authorization</h2>\n<p>To ensure secure authentication and authorization, consider the following practices:</p>\n<ul>\n<li>Using secure protocols, such as HTTPS, for transmitting sensitive data, including login credentials and session cookies.</li>\n<li>Implementing strong password hashing algorithms, such as bcrypt or Argon2, to secure user passwords.</li>\n<li>Enforcing strong password policies (e.g., minimum length, complexity requirements).</li>\n<li>Implementing multi-factor authentication to add an extra layer of security.</li>\n</ul>\n<h2>5. Limiting Access and Permissions</h2>\n<p>Granting users the least privilege necessary to perform their tasks is a fundamental principle of secure web development. Adopting the principle of least privilege minimizes the impact of a compromised user account. Some best practices to limit access and permissions include:</p>\n<ul>\n<li>Implementing role-based access control (RBAC) to assign users to specific roles and grant permissions accordingly.</li>\n<li>Regularly reviewing and revoking unnecessary user privileges.</li>\n<li>Applying strong access controls to sensitive resources, such as databases or administrative features.</li>\n</ul>\n<h2>6. Security Patching and Updates</h2>\n<p>Keeping all software components, including frameworks, libraries, and the underlying operating system, up to date is vital for addressing security vulnerabilities. Regular security patching and updates ensure that known vulnerabilities are fixed promptly, reducing the risk of exploitation.</p>\n<h2>7. Secure Error Handling</h2>\n<p>Proper error handling is essential for maintaining the security of a web application. Best practices in this area include:</p>\n<ul>\n<li>Displaying generic error messages instead of detailed error information, which could aid attackers.</li>\n<li>Logging errors securely and monitoring logs for any suspicious activity.</li>\n<li>Implementing appropriate exception handling techniques to prevent sensitive information leakage.</li>\n</ul>\n<h2>8. Secure Session Management</h2>\n<p>Secure session management is crucial for preventing session attacks. To ensure session security, adhere to the following practices:</p>\n<ul>\n<li>Storing session identifiers securely, typically using HTTP-only cookies with secure flags.</li>\n<li>Regularly regenerating session identifiers to mitigate session fixation attacks.</li>\n<li>Implementing session timeout functionality based on user inactivity.</li>\n<li>Verifying session ownership with every request to prevent session hijacking.</li>\n</ul>\n<hr>\n<p>Remember that following these best practices alone does not guarantee absolute security. It is essential to stay informed about the latest security threats, regularly assess the application for vulnerabilities, and consistently update security measures to stay ahead of emerging risks. By implementing these best practices, developers can significantly enhance the security of their web applications and protect sensitive user data from malicious actors.</p>"}},"slug":"common"},"qui_TwOSrjwLrs":{"short":"Quiz","blocks":{"qcCfwTSfwA":{"type":"quiz","labels":{"failed":"failed","Submit":"Submit","StartQuiz":"Start quiz","Advance":"Advance","Retry":"Retry","YourScore":"Your score:","Review":"Review","PassingScore":"Passing score:","Question":"Question","passed":"passed"},"config":{"allowRetry":"never","showScore":true,"randomizeQuestions":true,"allowReview":"never","showIntro":false,"gradedQuiz":true,"showCorrectAnswers":false,"cannotProgressWhenFailed":false,"advanceOnSubmit":true,"showAllQuestionsInPage":true,"showStudentAnswers":true},"order":1,"questions":{"mul_OYOzuUDZRN":{"order":6,"question":"Which of the following is an example of an insecure direct object reference vulnerability?","choices":{"cho_76WDyXA1tm":{"correct":true,"order":1,"choice":"Displaying customer details in the URL of a web page."},"cho_TQD6PI7KhL":{"order":3,"choice":"Implementing user authentication and authorization.","correct":false},"cho_a5u4sbzCY2":{"order":2,"correct":false,"choice":"Using a database to store user passwords."}},"type":"multiple-choice"},"mul_MaYRMfBnK1":{"question":"What is the purpose of using secure coding practices in web development?","order":5,"choices":{"cho_4SyvIykqG4":{"order":3,"choice":"To enhance website performance.","correct":false},"cho_ZatY1NIsD6":{"order":1,"correct":true,"choice":"To reduce the risk of vulnerabilities and potential attacks."},"cho_AdxgV6P3QJ":{"choice":"To improve website accessibility.","order":2,"correct":false}},"type":"multiple-choice"},"mul_WDAAytEYG7":{"question":"What is the proper way to handle user input to prevent SQL injection?","type":"multiple-choice","choices":{"cho_foOzOWv9dv":{"choice":"Use prepared statements or parameterized queries","order":1,"correct":true},"cho_Aj7wxs9C1A":{"order":2,"correct":false,"choice":"Ignore user input"},"cho_zlYQ74F0Qu":{"choice":"Encrypt user input","order":3,"correct":false}},"order":3},"mul_leLkQ38F62":{"order":2,"choices":{"cho_0IZjm5gKHD":{"choice":"Cross-Site Scripting (XSS)","correct":true,"order":1},"cho_v0umTjW4o0":{"correct":false,"order":2,"choice":"Responsive Web Design"},"cho_5r0gvldxCN":{"order":3,"choice":"Search Engine Optimization (SEO)","correct":false}},"question":"Which of the following is a common web security vulnerability?","type":"multiple-choice"},"mul_pttAZHc8lh":{"question":"Which of the following best describes cross-site scripting (XSS)?","type":"multiple-choice","order":4,"choices":{"cho_VM1LfBspxW":{"order":2,"correct":false,"choice":"A method to optimize website performance."},"cho_tPpy5rtIcR":{"order":1,"choice":"A type of attack where malicious script is injected into a website.","correct":true},"cho_ZmB0TDpTXH":{"correct":false,"order":3,"choice":"A design technique to make websites compatible with multiple devices."}}},"mul_IwDSQoUTkY":{"type":"multiple-choice","choices":{"cho_d7FEoQ9ZkM":{"correct":false,"choice":"A method to develop websites that load quickly.","order":3},"cho_0EZOV1fU5r":{"choice":"A process to develop websites that are protected against online threats and attacks.","correct":true,"order":1},"cho_frucHrari6":{"correct":false,"choice":"A technique to develop websites with visually appealing designs.","order":2}},"question":"What is secure web development?","order":1}}}},"order":6,"slug":"quiz","name":"Quiz","headline":"Check your knowledge answering some questions"},"topic1_DvRya8gJxu":{"name":"Introduction to Secure Web Development","order":1,"short":"Introduction","blocks":{"hig_ZKOwM9c4RB":{"type":"highlight","content":"In conclusion, the Introduction to Secure Web Development course provides a comprehensive introduction to the fundamentals of building secure web applications. It covers the importance of secure coding practices, the impact of security breaches, and the basics of authentication and authorization. By understanding these concepts, developers will be able to prioritize security in their projects and protect their users' sensitive information.","order":2,"title":"Conclusion - Introduction to Secure Web Development"},"htm-DUL1ANdmJB":{"html":"<h2>Overview</h2>\n<p>In this topic, we will explore the fundamentals of secure web development. We will dive into the important aspects of designing, building, and maintaining secure web applications. By the end of this topic, you will have a solid understanding of the ethical and technical considerations involved in secure web development.</p>\n<h2>Why Secure Web Development Matters</h2>\n<p>Secure web development is crucial in today&#39;s digital landscape where cyber threats are constantly evolving. Building secure web applications not only protects sensitive user data but also helps establish trust with your users, safeguarding your business&#39;s reputation. By adhering to secure development practices, you can minimize the risk of common vulnerabilities, mitigate potential security breaches, and ensure the privacy and confidentiality of user information.</p>\n<h2>The Principles of Secure Web Development</h2>\n<p>To develop secure web applications, it is essential to adhere to a set of principles that guide the entire development lifecycle. These principles include:</p>\n<h3>1. Secure Coding Practices</h3>\n<p>Secure coding practices involve writing code that is resistant to vulnerabilities and exploits. By following coding best practices, such as input validation, output encoding, proper error handling, and secure session management, developers can significantly reduce the risk of common attacks, such as cross-site scripting (XSS) and SQL injection.</p>\n<h3>2. Strong Authentication and Authorization</h3>\n<p>Authentication and authorization are critical components of secure web development. Strong authentication ensures that only legitimate users can access a web application, while authorization grants appropriate levels of access rights to different user roles. Implementing secure authentication and authorization mechanisms, such as password hashing, multi-factor authentication (MFA), and role-based access control (RBAC), strengthens the overall security posture of the application.</p>\n<h3>3. Data Encryption</h3>\n<p>Data encryption plays a vital role in securing sensitive information both at rest and in transit. Encrypting data ensures that even if an attacker gains unauthorized access to the data, they cannot decipher it without the encryption keys. Implementing robust encryption algorithms and protocols, such as Transport Layer Security (TLS), helps protect the confidentiality and integrity of user data.</p>\n<h3>4. Regular Security Testing and Vulnerability Management</h3>\n<p>Secure web development involves continual testing and vulnerability management. Regular security testing, including penetration testing and vulnerability scanning, helps identify potential weaknesses and vulnerabilities in the application. Timely patching and remediation of identified vulnerabilities helps maintain a secure web environment and reduces the risk of exploitation.</p>\n<h2>The Role of Developers in Secure Web Development</h2>\n<p>Developers play a crucial role in ensuring secure web development. Their responsibility extends beyond writing code that functions correctly; they must also consider the potential security implications of their code. By adhering to secure coding practices, staying updated with the latest security trends, and actively participating in security assessments, developers contribute to the overall security posture of the web application.</p>","type":"html","order":1}},"slug":"introduction"}},"category":"Technology","coverImage":"https://pixabay.com/get/g134c300dbf414ff4327abe2601fa91ad44b74d06b954b0796cc6e5f07d7082f43452176b672e0d652f2bbbc75cce0eaf_640.jpg","id":"d2tlcxsLxlI3USrRCEj3","keywords":{"keyword5":"authorization","keyword1":"web development","keyword3":"vulnerability assessment","keyword2":"secure coding","keyword4":"authentication"},"teamId":null,"name":"Web-based Training for Secure Web Development","languageId":"en-US","conclusion":{"content":"Congratulations on completing this course! You have taken an important step in unlocking your full potential. Completing this course is not just about acquiring knowledge; it's about putting that knowledge into practice and making a positive impact on the world around you.","title":"Conclusion"},"updatedAt":"2023-11-26T19:32:24.969Z"}